capacidad,tipo
2 huéspedes,Casa/apto. entero
1 huésped,Habitación privada
2 huéspedes,Casa/apto. entero
4 huéspedes,Casa/apto. entero
2 huéspedes,Habitación privada
1 huésped,Habitación privada
3 huéspedes,Habitación privada
1 huésped,Habitación privada
5 huéspedes,Casa/apto. entero
3 huéspedes,Casa/apto. entero
2 huéspedes,Casa/apto. entero
2 huéspedes,Habitación privada
4 huéspedes,Casa/apto. entero
4 huéspedes,Habitación privada
3 huéspedes,Casa/apto. entero
4 huéspedes,Habitación privada
1 huésped,Habitación privada
3 huéspedes,Habitación privada
1 huésped,Habitación privada
4 huéspedes,Casa/apto. entero
3 huéspedes,Casa/apto. entero
2 huéspedes,Habitación privada
2 huéspedes,Casa/apto. entero
1 huésped,Casa/apto. entero
2 huéspedes,Habitación privada
2 huéspedes,Habitación privada
2 huéspedes,Casa/apto. entero
2 huéspedes,Habitación privada
2 huéspedes,Habitación privada
2 huéspedes,Casa/apto. entero
2 huéspedes,Casa/apto. entero
2 huéspedes,Habitación privada
2 huéspedes,Casa/apto. entero
1 huésped,Habitación privada
2 huéspedes,Habitación privada
2 huéspedes,Habitación privada
2 huéspedes,Habitación privada
2 huéspedes,Casa/apto. entero
2 huéspedes,Habitación privada
2 huéspedes,Habitación privada
4 huéspedes,Casa/apto. entero
2 huéspedes,Casa/apto. entero
1 huésped,Habitación privada
1 huésped,Habitación privada
1 huésped,Habitación privada
2 huéspedes,Habitación privada
